,Country,Emissions per capita
104,Kuwait,55682.50737792283
194,Trinidad and Tobago,31806.53811024959
164,Saint Pierre and Miquelon,28317.799999999996
66,Finland,27772.292391586197
77,Greenland,26041.363636363636
136,New Zealand,23460.165633495042
87,Hong Kong,21506.482959557
89,Iceland,19031.93192306892
13,Bahamas,18821.666171706976
95,Israel,17033.15742469306
